{
    "aspect_ratio": 1.0,
    "batch_size": 1,
    "beta1": 0.5,
    "checkpoint": "./Models/Model_orig_3_MT_A1_1",
    "display_freq": 0,
    "flip": false,
    "gan_weight": 1.0,
    "input_dir": "./512_Combined_Augmented/MT/Test",
    "l1_weight": 100.0,
    "lab_colorization": false,
    "lr": 0.0002,
    "max_epochs": null,
    "max_steps": null,
    "mode": "test",
    "ndf": 64,
    "ngf": 64,
    "output_dir": "./Results/Model_orig_3_MT_A1_1",
    "output_filetype": "png",
    "progress_freq": 50,
    "save_freq": 5000,
    "scale_size": 512,
    "seed": 805633609,
    "separable_conv": false,
    "summary_freq": 100,
    "trace_freq": 0,
    "which_direction": "AtoB"
}